"Message",Low,".NET ネイティブ コンパイルを開始しています"
"Message",Low,""
"Message",Low,""
"Message",Low,"タスク ""Gatekeeper"""
"Message",Normal,"Launching 'C:\Program Files (x86)\Microsoft SDKs\UWPNuGetPackages\microsoft.net.native.compiler\1.7.3\tools\x86\ilc\Tools\Gatekeeper.exe @""D:\Kaisya2\UWP\weather\WeatherApli\WeatherApli\obj\x86\Release\ilc\intermediate\gkargs.rsp""'"
"Message",Low,"Microsoft (R) .NET Native Gatekeeper �o�[�W���� 1.7.25927.00 "
"Message",Low,"Copyright (C) Microsoft Corporation.  All rights reserved. "
"Message",Low," "
"Message",Low,"�A�Z���u�� 'D:\Kaisya2\UWP\weather\WeatherApli\WeatherApli\obj\x86\Release\ilc\in\WeatherApli.exe' �̃`�F�b�N���ł��B "
"Message",Normal,"'C:\Program Files (x86)\Microsoft SDKs\UWPNuGetPackages\microsoft.net.native.compiler\1.7.3\tools\x86\ilc\Tools\Gatekeeper.exe @""D:\Kaisya2\UWP\weather\WeatherApli\WeatherApli\obj\x86\Release\ilc\intermediate\gkargs.rsp""' completed."
"Message",Normal,"Process execution statistics (all times in milliseconds)"
"Message",Normal,"-----------------------------------------------------------------------------"
"Message",Normal,"launch  |  start   |   stop   |   end    | duration | lifetime | [slot] name"
"Message",Normal,"-----------------------------------------------------------------------------"
"Message",Normal,"       0 |       47 |      516 |      516 |      469 |      516 | [0] Gatekeeper"
"Message",Normal,"Number of commands:      1"
"Message",Normal,"Total system time:       516 ms"
"Message",Normal,"System time per command: 516 ms"
"Message",Normal,"Total duration:          469 ms"
"Message",Normal,"Total lifetime:          516 ms"
"Message",Normal,"Requested DOP:           8"
"Message",Normal,"Duration DOP:            0.9"
"Message",Normal,"Lifetime DOP:            1.0"
"Message",Low,"タスク ""Gatekeeper"" の実行が終了しました。"
"Message",Low,"ファイル ""Preparation"" 内のターゲット ""RunGatekeeper"" のビルドが終了しました。"
"Message",Low,""
"Message",Low,"タスク ""InjectWindowsRuntimeTypeForwards"""
"Message",Normal,"Running 'InjectWindowsRuntimeTypeForwards' transform, heap at 11 MB."
"Message",Normal,"Running 'WriteAssemblies' transform, heap at 16 MB."
"Message",Normal,""
"Message",Normal,"Transform summary"
"Message",Normal,"    ms | heap delta | name"
"Message",Normal,"   372 |          5 | InjectWindowsRuntimeTypeForwards"
"Message",Normal,"   305 |          1 | WriteAssemblies"
"Message",Low,"タスク ""InjectWindowsRuntimeTypeForwards"" の実行が終了しました。"
"Message",Low,"ファイル ""Preparation"" 内のターゲット ""InjectWindowRuntimeTypeForwards"" のビルドが終了しました。"
"Message",Low,""
"Message",Low,"タスク ""PreResolveAssemblyClosure"""
"Message",Low,"タスク ""PreResolveAssemblyClosure"" の実行が終了しました。"
"Message",Low,"タスク ""PreResolveTransforms"""
"Message",Normal,"Running 'ResolveSelfReferences' transform, heap at 25 MB."
"Message",Normal,"Running 'RemoveDuplicateMembers' transform, heap at 36 MB."
"Message",Normal,"Running 'PortableLib' transform, heap at 36 MB."
"Message",Normal,"Running 'WriteAssemblies' transform, heap at 36 MB."
"Message",Normal,""
"Message",Normal,"Transform summary"
"Message",Normal,"    ms | heap delta | name"
"Message",Normal,"   104 |         11 | ResolveSelfReferences"
"Message",Normal,"     1 |          0 | PortableLib"
"Message",Normal,"     0 |          0 | WriteAssemblies"
"Message",Normal,"     0 |          0 | RemoveDuplicateMembers"
"Message",Low,"タスク ""PreResolveTransforms"" の実行が終了しました。"
"Message",Low,"ファイル ""Preparation"" 内のターゲット ""PreResolveTransforms"" のビルドが終了しました。"
"Message",Low,""
"Message",Low,"タスク ""InitialAssemblyClosure"""
"Message",Low,"タスク ""InitialAssemblyClosure"" の実行が終了しました。"
"Message",Low,"タスク ""ResolveInitialReferencesAssemblyClosure1"""
"Message",Low,"タスク ""ResolveInitialReferencesAssemblyClosure1"" の実行が終了しました。"
"Message",Low,"タスク ""ResolveInitialReferencesAssemblyClosure2"""
"Message",Low,"タスク ""ResolveInitialReferencesAssemblyClosure2"" の実行が終了しました。"
"Message",Low,"ファイル ""Preparation"" 内のターゲット ""ResolveInitialReferences"" のビルドが終了しました。"
"Message",Low,"プロジェクト ""Preparation"" のビルドが終了しました。"
"Message",Low,""
"Message",Low,""
"Message",High,"アプリケーション コードを処理しています"
"Message",Low,"タスク ""ValidateSimpleNames"""
"Message",Low,"タスク ""ValidateSimpleNames"" の実行が終了しました。"
"Message",Low,"タスク ""McgContractsResolveFilePath"""
"Message",Low,"タスク ""McgContractsResolveFilePath"" の実行が終了しました。"
"Message",Low,"タスク ""McgFacadeResolveFilePath"""
"Message",Low,"タスク ""McgFacadeResolveFilePath"" の実行が終了しました。"
"Message",Low,"タスク ""FinalAssemblyClosureRootsResolveFilePaths"""
"Message",Low,"タスク ""FinalAssemblyClosureRootsResolveFilePaths"" の実行が終了しました。"
"Message",Low,"タスク ""FinalAssemblyClosure"""
"Message",Low,"タスク ""FinalAssemblyClosure"" の実行が終了しました。"
"Message",Low,"タスク ""RunILTransforms"""
"Message",Normal,"Running 'Analysis' transform, heap at 21 MB."
"Message",Low,"Loading 68 modules..."
"Message",Normal,"Imported reflection directives from 11 files:"
"Message",Normal,"D:\Kaisya2\UWP\weather\WeatherApli\WeatherApli\obj\x86\Release\ilc\in\Properties\Default.rd.xml"
"Message",Normal,"System.Diagnostics.Tracing の埋め込みマニフェスト: Resources.System.Diagnostics.Tracing.rd.xml"
"Message",Normal,"System.Private.Reflection の埋め込みマニフェスト: System.Private.Reflection.rd.xml"
"Message",Normal,"System.Private.CoreLib の埋め込みマニフェスト: Resources.System.Private.CoreLib.rd.xml"
"Message",Normal,"System.Private.Uri の埋め込みマニフェスト: Resources.System.Private.Uri.rd.xml"
"Message",Normal,"System.Private.Reflection.Core の埋め込みマニフェスト: System.Private.Reflection.Core.rd.xml"
"Message",Normal,"System.Runtime.Serialization.Primitives の埋め込みマニフェスト: System.Runtime.Serialization.Primitives.Resources.System.Runtime.Serialization.Primitives.rd.xml"
"Message",Normal,"System.Private.DataContractSerialization の埋め込みマニフェスト: System.Private.DataContractSerialization.Resources.System.Private.DataContractSerialization.rd.xml"
"Message",Normal,"System.Xml.ReaderWriter の埋め込みマニフェスト: System.Xml.Resources.System.Xml.ReaderWriter.rd.xml"
"Message",Normal,"System.Xml.XmlSerializer の埋め込みマニフェスト: System.Xml.XmlSerializer.Resources.System.Xml.XmlSerializer.rd.xml"
"Message",Normal,"System.Private.Interop の埋め込みマニフェスト: Resources.System.Private.Interop.rd.xml"
"Message",Normal,"Imported XAML Roots from 1 files:"
"Message",Normal,"D:\Kaisya2\UWP\weather\WeatherApli\WeatherApli\obj\x86\Release\ilc\in\WeatherApli.xr.xml"
"Message",Normal,"Running 'Mcg' transform, heap at 116 MB."
"Message",High,"Computing application closure and generating interop code"
"Message",Normal,"  .lib ファイルのリスト:"
"Message",Normal,"      WindowsApp.lib"
"Message",Normal,"      winsqlite3.lib"
"Message",Normal,"  .lib 検索パスのリスト:"
"Message",Normal,"      C:\Program Files (x86)\Windows Kits\10\lib\10.0.17134.0\um\x86"
"Message",Normal,"  ライブラリからのエクスポートを読み込み中..."
"Message",Normal,"      'C:\Program Files (x86)\Windows Kits\10\lib\10.0.17134.0\um\x86\WindowsApp.lib から 3181 エクスポートを読み取りました。"
"Message",Normal,"      'C:\Program Files (x86)\Windows Kits\10\lib\10.0.17134.0\um\x86\winsqlite3.lib から 243 エクスポートを読み取りました。"
"Message",High,"  68 モジュールを読み込み中..."
"Message",Normal,"          P/Invoke 'RhWaitForPendingFinalizers' with [DllImport(ExactSpelling=true)] resolved to '[MRT]!RhWaitForPendingFinalizers'."
"Message",Normal,"          P/Invoke 'RhYield' with [DllImport(ExactSpelling=true)] resolved to '[MRT]!RhYield'."
"Message",Normal,"          P/Invoke 'RhCompatibleReentrantWaitAny' with [DllImport(ExactSpelling=true)] resolved to '[MRT]!RhCompatibleReentrantWaitAny'."
"Message",Normal,"          P/Invoke '_ecvt_s' with [DllImport(ExactSpelling=true)] resolved to '[MRT]!_ecvt_s'."
"Message",Normal,"          P/Invoke 'memmove' with [DllImport(ExactSpelling=true)] resolved to '[MRT]!memmove'."
"Message",Normal,"          P/Invoke 'CallingConventionConverter_GetStubs' with [DllImport(ExactSpelling=true)] resolved to '*!CallingConventionConverter_GetStubs'."
"Message",Normal,"          P/Invoke 'GetLastError' resolved to 'api-ms-win-core-errorhandling-l1-1-0.dll!GetLastError' from 'C:\Program Files (x86)\Windows Kits\10\lib\10.0.17134.0\um\x86\WindowsApp.lib'."
"Message",Normal,"          P/Invoke 'RoInitialize' resolved to 'api-ms-win-core-winrt-l1-1-0.dll!RoInitialize' from 'C:\Program Files (x86)\Windows Kits\10\lib\10.0.17134.0\um\x86\WindowsApp.lib'."
"Message",Normal,"          P/Invoke 'IsValidLocaleName' resolved to 'api-ms-win-core-localization-l1-2-0.dll!IsValidLocaleName' from 'C:\Program Files (x86)\Windows Kits\10\lib\10.0.17134.0\um\x86\WindowsApp.lib'."
"Message",Normal,"          P/Invoke 'ResolveLocaleName' resolved to 'api-ms-win-core-localization-l1-2-0.dll!ResolveLocaleName' from 'C:\Program Files (x86)\Windows Kits\10\lib\10.0.17134.0\um\x86\WindowsApp.lib'."
"Message",Normal,"          P/Invoke 'GetCPInfoExW' resolved to 'api-ms-win-core-localization-l1-2-0.dll!GetCPInfoExW' from 'C:\Program Files (x86)\Windows Kits\10\lib\10.0.17134.0\um\x86\WindowsApp.lib'."
"Message",Normal,"          P/Invoke 'CoCreateInstance' with [DllImport(ExactSpelling=true)] resolved to 'api-ms-win-core-com-l1-1-0.dll!CoCreateInstance'."
"Message",Normal,"          P/Invoke '#6' resolved to 'oleaut32.dll!#6' from 'C:\Program Files (x86)\Windows Kits\10\lib\10.0.17134.0\um\x86\WindowsApp.lib'."
"Message",Normal,"          P/Invoke 'RoGetBufferMarshaler' resolved to 'api-ms-win-core-winrt-robuffer-l1-1-0.dll!RoGetBufferMarshaler' from 'C:\Program Files (x86)\Windows Kits\10\lib\10.0.17134.0\um\x86\WindowsApp.lib'."
"Message",High,"  コードを生成中..."
"Message",High,"  相互運用コードが生成されました。"
"Message",Normal,"  コードの AssemblyInfo.g.cs への書き込み"
"Message",Normal,"  コードの Adapters.g.cs への書き込み"
"Message",Normal,"  コードの Data.g.cs への書き込み"
"Message",Normal,"  コードの Helpers.g.cs への書き込み"
"Message",Normal,"  コードの ImplTypes.g.cs への書き込み"
"Message",Normal,"  コードの PInvoke.g.cs への書き込み"
"Message",Normal,"  コードの SafeTypes.g.cs への書き込み"
"Message",Normal,"  コードの SharedStubs.g.cs への書き込み"
"Message",Normal,"Running 'GenerateCodeAndCompile' transform, heap at 179 MB."
"Message",High,"Generating serialization code"
"Message",High,"Compiling interop code"
"Message",Normal,"Compiling generated source code: C:\Program Files (x86)\Microsoft SDKs\UWPNuGetPackages\microsoft.net.native.compiler\1.7.3\tools\x86\ilc\csc\csc.exe /noconfig @""D:\Kaisya2\UWP\weather\WeatherApli\WeatherApli\obj\x86\Release\ilc\intermediate\WeatherApli.McgInterop.rsp"""
"Message",Normal,"複数のアセンブリで型 'System.Net.Sockets.IPAddressExtensions' が見つかりました。"
"Message",Normal,"file:///D:/Kaisya2/UWP/weather/WeatherApli/WeatherApli/obj/x86/Release/ilc/in/System.Net.NameResolution.dll"
"Message",Normal,"file:///D:/Kaisya2/UWP/weather/WeatherApli/WeatherApli/obj/x86/Release/ilc/in/System.Net.Sockets.dll"
"Message",Normal,"アセンブリ 'System.Runtime.WindowsRuntime.dll' が複数のフォルダーで見つかりました。"
"Message",Normal,"file:///D:/Kaisya2/UWP/weather/WeatherApli/WeatherApli/obj/x86/Release/ilc/intermediate/TransformedSRWR/System.Runtime.WindowsRuntime.dll"
"Message",Normal,"D:\Kaisya2\UWP\weather\WeatherApli\WeatherApli\obj\x86\Release\ilc\in\System.Runtime.WindowsRuntime.dll"
"Message",Normal,"アセンブリ 'WeatherApli.exe' が複数のフォルダーで見つかりました。"
"Message",Normal,"file:///D:/Kaisya2/UWP/weather/WeatherApli/WeatherApli/obj/x86/Release/ilc/intermediate/PreMergeILTransformed/WeatherApli.exe"
"Message",Normal,"D:\Kaisya2\UWP\weather\WeatherApli\WeatherApli\obj\x86\Release\ilc\in\WeatherApli.exe"
"Message",Normal,"アセンブリ 'Microsoft.CSharp.dll' が複数のフォルダーで見つかりました。"
"Message",Normal,"file:///D:/Kaisya2/UWP/weather/WeatherApli/WeatherApli/obj/x86/Release/ilc/in/Microsoft.CSharp.dll"
"Message",Normal,"D:\Kaisya2\UWP\weather\WeatherApli\WeatherApli\obj\x86\Release\ilc\in\Microsoft.CSharp.dll"
"Message",Normal,"アセンブリ 'Microsoft.VisualBasic.dll' が複数のフォルダーで見つかりました。"
"Message",Normal,"file:///D:/Kaisya2/UWP/weather/WeatherApli/WeatherApli/obj/x86/Release/ilc/in/Microsoft.VisualBasic.dll"
"Message",Normal,"D:\Kaisya2\UWP\weather\WeatherApli\WeatherApli\obj\x86\Release\ilc\in\Microsoft.VisualBasic.dll"
"Message",Normal,"アセンブリ 'Microsoft.Win32.Primitives.dll' が複数のフォルダーで見つかりました。"
"Message",Normal,"file:///D:/Kaisya2/UWP/weather/WeatherApli/WeatherApli/obj/x86/Release/ilc/in/Microsoft.Win32.Primitives.dll"
"Message",Normal,"D:\Kaisya2\UWP\weather\WeatherApli\WeatherApli\obj\x86\Release\ilc\in\Microsoft.Win32.Primitives.dll"
"Message",Normal,"アセンブリ 'mscorlib.dll' が複数のフォルダーで見つかりました。"
"Message",Normal,"file:///D:/Kaisya2/UWP/weather/WeatherApli/WeatherApli/obj/x86/Release/ilc/in/mscorlib.dll"
"Message",Normal,"D:\Kaisya2\UWP\weather\WeatherApli\WeatherApli\obj\x86\Release\ilc\in\mscorlib.dll"
"Message",Normal,"アセンブリ 'System.AppContext.dll' が複数のフォルダーで見つかりました。"
"Message",Normal,"file:///D:/Kaisya2/UWP/weather/WeatherApli/WeatherApli/obj/x86/Release/ilc/in/System.AppContext.dll"
"Message",Normal,"D:\Kaisya2\UWP\weather\WeatherApli\WeatherApli\obj\x86\Release\ilc\in\System.AppContext.dll"
"Message",Normal,"アセンブリ 'System.Buffers.dll' が複数のフォルダーで見つかりました。"
"Message",Normal,"file:///D:/Kaisya2/UWP/weather/WeatherApli/WeatherApli/obj/x86/Release/ilc/in/System.Buffers.dll"
"Message",Normal,"D:\Kaisya2\UWP\weather\WeatherApli\WeatherApli\obj\x86\Release\ilc\in\System.Buffers.dll"
"Message",Normal,"アセンブリ 'System.Collections.Concurrent.dll' が複数のフォルダーで見つかりました。"
"Message",Normal,"file:///D:/Kaisya2/UWP/weather/WeatherApli/WeatherApli/obj/x86/Release/ilc/in/System.Collections.Concurrent.dll"
"Message",Normal,"D:\Kaisya2\UWP\weather\WeatherApli\WeatherApli\obj\x86\Release\ilc\in\System.Collections.Concurrent.dll"
"Message",Normal,"アセンブリ 'System.Collections.dll' が複数のフォルダーで見つかりました。"
"Message",Normal,"file:///D:/Kaisya2/UWP/weather/WeatherApli/WeatherApli/obj/x86/Release/ilc/in/System.Collections.dll"
"Message",Normal,"D:\Kaisya2\UWP\weather\WeatherApli\WeatherApli\obj\x86\Release\ilc\in\System.Collections.dll"
"Message",Normal,"アセンブリ 'System.Collections.Immutable.dll' が複数のフォルダーで見つかりました。"
"Message",Normal,"file:///D:/Kaisya2/UWP/weather/WeatherApli/WeatherApli/obj/x86/Release/ilc/in/System.Collections.Immutable.dll"
"Message",Normal,"D:\Kaisya2\UWP\weather\WeatherApli\WeatherApli\obj\x86\Release\ilc\in\System.Collections.Immutable.dll"
"Message",Normal,"アセンブリ 'System.Collections.NonGeneric.dll' が複数のフォルダーで見つかりました。"
"Message",Normal,"file:///D:/Kaisya2/UWP/weather/WeatherApli/WeatherApli/obj/x86/Release/ilc/in/System.Collections.NonGeneric.dll"
"Message",Normal,"D:\Kaisya2\UWP\weather\WeatherApli\WeatherApli\obj\x86\Release\ilc\in\System.Collections.NonGeneric.dll"
"Message",Normal,"アセンブリ 'System.Collections.Specialized.dll' が複数のフォルダーで見つかりました。"
"Message",Normal,"file:///D:/Kaisya2/UWP/weather/WeatherApli/WeatherApli/obj/x86/Release/ilc/in/System.Collections.Specialized.dll"
"Message",Normal,"D:\Kaisya2\UWP\weather\WeatherApli\WeatherApli\obj\x86\Release\ilc\in\System.Collections.Specialized.dll"
"Message",Normal,"アセンブリ 'System.ComponentModel.Annotations.dll' が複数のフォルダーで見つかりました。"
"Message",Normal,"file:///D:/Kaisya2/UWP/weather/WeatherApli/WeatherApli/obj/x86/Release/ilc/in/System.ComponentModel.Annotations.dll"
"Message",Normal,"D:\Kaisya2\UWP\weather\WeatherApli\WeatherApli\obj\x86\Release\ilc\in\System.ComponentModel.Annotations.dll"
"Message",Normal,"アセンブリ 'System.ComponentModel.DataAnnotations.dll' が複数のフォルダーで見つかりました。"
"Message",Normal,"file:///D:/Kaisya2/UWP/weather/WeatherApli/WeatherApli/obj/x86/Release/ilc/in/System.ComponentModel.DataAnnotations.dll"
"Message",Normal,"D:\Kaisya2\UWP\weather\WeatherApli\WeatherApli\obj\x86\Release\ilc\in\System.ComponentModel.DataAnnotations.dll"
"Message",Normal,"アセンブリ 'System.ComponentModel.dll' が複数のフォルダーで見つかりました。"
"Message",Normal,"file:///D:/Kaisya2/UWP/weather/WeatherApli/WeatherApli/obj/x86/Release/ilc/in/System.ComponentModel.dll"
"Message",Normal,"D:\Kaisya2\UWP\weather\WeatherApli\WeatherApli\obj\x86\Release\ilc\in\System.ComponentModel.dll"
"Message",Normal,"アセンブリ 'System.ComponentModel.EventBasedAsync.dll' が複数のフォルダーで見つかりました。"
"Message",Normal,"file:///D:/Kaisya2/UWP/weather/WeatherApli/WeatherApli/obj/x86/Release/ilc/in/System.ComponentModel.EventBasedAsync.dll"
"Message",Normal,"D:\Kaisya2\UWP\weather\WeatherApli\WeatherApli\obj\x86\Release\ilc\in\System.ComponentModel.EventBasedAsync.dll"
"Message",Normal,"アセンブリ 'System.Core.dll' が複数のフォルダーで見つかりました。"
"Message",Normal,"file:///D:/Kaisya2/UWP/weather/WeatherApli/WeatherApli/obj/x86/Release/ilc/in/System.Core.dll"
"Message",Normal,"D:\Kaisya2\UWP\weather\WeatherApli\WeatherApli\obj\x86\Release\ilc\in\System.Core.dll"
"Message",Normal,"アセンブリ 'System.Data.Common.dll' が複数のフォルダーで見つかりました。"
"Message",Normal,"file:///D:/Kaisya2/UWP/weather/WeatherApli/WeatherApli/obj/x86/Release/ilc/in/System.Data.Common.dll"
"Message",Normal,"D:\Kaisya2\UWP\weather\WeatherApli\WeatherApli\obj\x86\Release\ilc\in\System.Data.Common.dll"
"Message",Normal,"アセンブリ 'System.Diagnostics.Contracts.dll' が複数のフォルダーで見つかりました。"
"Message",Normal,"file:///D:/Kaisya2/UWP/weather/WeatherApli/WeatherApli/obj/x86/Release/ilc/in/System.Diagnostics.Contracts.dll"
"Message",Normal,"D:\Kaisya2\UWP\weather\WeatherApli\WeatherApli\obj\x86\Release\ilc\in\System.Diagnostics.Contracts.dll"
"Message",Normal,"アセンブリ 'System.Diagnostics.Debug.dll' が複数のフォルダーで見つかりました。"
"Message",Normal,"file:///D:/Kaisya2/UWP/weather/WeatherApli/WeatherApli/obj/x86/Release/ilc/in/System.Diagnostics.Debug.dll"
"Message",Normal,"D:\Kaisya2\UWP\weather\WeatherApli\WeatherApli\obj\x86\Release\ilc\in\System.Diagnostics.Debug.dll"
"Message",Normal,"アセンブリ 'System.Diagnostics.DiagnosticSource.dll' が複数のフォルダーで見つかりました。"
"Message",Normal,"file:///D:/Kaisya2/UWP/weather/WeatherApli/WeatherApli/obj/x86/Release/ilc/in/System.Diagnostics.DiagnosticSource.dll"
"Message",Normal,"D:\Kaisya2\UWP\weather\WeatherApli\WeatherApli\obj\x86\Release\ilc\in\System.Diagnostics.DiagnosticSource.dll"
"Message",Normal,"アセンブリ 'System.Diagnostics.StackTrace.dll' が複数のフォルダーで見つかりました。"
"Message",Normal,"file:///D:/Kaisya2/UWP/weather/WeatherApli/WeatherApli/obj/x86/Release/ilc/in/System.Diagnostics.StackTrace.dll"
"Message",Normal,"D:\Kaisya2\UWP\weather\WeatherApli\WeatherApli\obj\x86\Release\ilc\in\System.Diagnostics.StackTrace.dll"
"Message",Normal,"アセンブリ 'System.Diagnostics.Tools.dll' が複数のフォルダーで見つかりました。"
"Message",Normal,"file:///D:/Kaisya2/UWP/weather/WeatherApli/WeatherApli/obj/x86/Release/ilc/in/System.Diagnostics.Tools.dll"
"Message",Normal,"D:\Kaisya2\UWP\weather\WeatherApli\WeatherApli\obj\x86\Release\ilc\in\System.Diagnostics.Tools.dll"
"Message",Normal,"アセンブリ 'System.Diagnostics.Tracing.dll' が複数のフォルダーで見つかりました。"
"Message",Normal,"file:///D:/Kaisya2/UWP/weather/WeatherApli/WeatherApli/obj/x86/Release/ilc/in/System.Diagnostics.Tracing.dll"
"Message",Normal,"D:\Kaisya2\UWP\weather\WeatherApli\WeatherApli\obj\x86\Release\ilc\in\System.Diagnostics.Tracing.dll"
"Message",Normal,"アセンブリ 'System.dll' が複数のフォルダーで見つかりました。"
"Message",Normal,"file:///D:/Kaisya2/UWP/weather/WeatherApli/WeatherApli/obj/x86/Release/ilc/in/System.dll"
"Message",Normal,"D:\Kaisya2\UWP\weather\WeatherApli\WeatherApli\obj\x86\Release\ilc\in\System.dll"
"Message",Normal,"アセンブリ 'System.Dynamic.Runtime.dll' が複数のフォルダーで見つかりました。"
"Message",Normal,"file:///D:/Kaisya2/UWP/weather/WeatherApli/WeatherApli/obj/x86/Release/ilc/in/System.Dynamic.Runtime.dll"
"Message",Normal,"D:\Kaisya2\UWP\weather\WeatherApli\WeatherApli\obj\x86\Release\ilc\in\System.Dynamic.Runtime.dll"
"Message",Normal,"アセンブリ 'System.Globalization.Calendars.dll' が複数のフォルダーで見つかりました。"
"Message",Normal,"file:///D:/Kaisya2/UWP/weather/WeatherApli/WeatherApli/obj/x86/Release/ilc/in/System.Globalization.Calendars.dll"
"Message",Normal,"D:\Kaisya2\UWP\weather\WeatherApli\WeatherApli\obj\x86\Release\ilc\in\System.Globalization.Calendars.dll"
"Message",Normal,"アセンブリ 'System.Globalization.dll' が複数のフォルダーで見つかりました。"
"Message",Normal,"file:///D:/Kaisya2/UWP/weather/WeatherApli/WeatherApli/obj/x86/Release/ilc/in/System.Globalization.dll"
"Message",Normal,"D:\Kaisya2\UWP\weather\WeatherApli\WeatherApli\obj\x86\Release\ilc\in\System.Globalization.dll"
"Message",Normal,"アセンブリ 'System.Globalization.Extensions.dll' が複数のフォルダーで見つかりました。"
"Message",Normal,"file:///D:/Kaisya2/UWP/weather/WeatherApli/WeatherApli/obj/x86/Release/ilc/in/System.Globalization.Extensions.dll"
"Message",Normal,"D:\Kaisya2\UWP\weather\WeatherApli\WeatherApli\obj\x86\Release\ilc\in\System.Globalization.Extensions.dll"
"Message",Normal,"アセンブリ 'System.IO.Compression.dll' が複数のフォルダーで見つかりました。"
"Message",Normal,"file:///D:/Kaisya2/UWP/weather/WeatherApli/WeatherApli/obj/x86/Release/ilc/in/System.IO.Compression.dll"
"Message",Normal,"D:\Kaisya2\UWP\weather\WeatherApli\WeatherApli\obj\x86\Release\ilc\in\System.IO.Compression.dll"
"Message",Normal,"アセンブリ 'System.IO.Compression.ZipFile.dll' が複数のフォルダーで見つかりました。"
"Message",Normal,"file:///D:/Kaisya2/UWP/weather/WeatherApli/WeatherApli/obj/x86/Release/ilc/in/System.IO.Compression.ZipFile.dll"
"Message",Normal,"D:\Kaisya2\UWP\weather\WeatherApli\WeatherApli\obj\x86\Release\ilc\in\System.IO.Compression.ZipFile.dll"
"Message",Normal,"アセンブリ 'System.IO.dll' が複数のフォルダーで見つかりました。"
"Message",Normal,"file:///D:/Kaisya2/UWP/weather/WeatherApli/WeatherApli/obj/x86/Release/ilc/in/System.IO.dll"
"Message",Normal,"D:\Kaisya2\UWP\weather\WeatherApli\WeatherApli\obj\x86\Release\ilc\in\System.IO.dll"
"Message",Normal,"アセンブリ 'System.IO.FileSystem.dll' が複数のフォルダーで見つかりました。"
"Message",Normal,"file:///D:/Kaisya2/UWP/weather/WeatherApli/WeatherApli/obj/x86/Release/ilc/in/System.IO.FileSystem.dll"
"Message",Normal,"D:\Kaisya2\UWP\weather\WeatherApli\WeatherApli\obj\x86\Release\ilc\in\System.IO.FileSystem.dll"
"Message",Normal,"アセンブリ 'System.IO.FileSystem.Primitives.dll' が複数のフォルダーで見つかりました。"
"Message",Normal,"file:///D:/Kaisya2/UWP/weather/WeatherApli/WeatherApli/obj/x86/Release/ilc/in/System.IO.FileSystem.Primitives.dll"
"Message",Normal,"D:\Kaisya2\UWP\weather\WeatherApli\WeatherApli\obj\x86\Release\ilc\in\System.IO.FileSystem.Primitives.dll"
"Message",Normal,"アセンブリ 'System.IO.IsolatedStorage.dll' が複数のフォルダーで見つかりました。"
"Message",Normal,"file:///D:/Kaisya2/UWP/weather/WeatherApli/WeatherApli/obj/x86/Release/ilc/in/System.IO.IsolatedStorage.dll"
"Message",Normal,"D:\Kaisya2\UWP\weather\WeatherApli\WeatherApli\obj\x86\Release\ilc\in\System.IO.IsolatedStorage.dll"
"Message",Normal,"アセンブリ 'System.IO.UnmanagedMemoryStream.dll' が複数のフォルダーで見つかりました。"
"Message",Normal,"file:///D:/Kaisya2/UWP/weather/WeatherApli/WeatherApli/obj/x86/Release/ilc/in/System.IO.UnmanagedMemoryStream.dll"
"Message",Normal,"D:\Kaisya2\UWP\weather\WeatherApli\WeatherApli\obj\x86\Release\ilc\in\System.IO.UnmanagedMemoryStream.dll"
"Message",Normal,"アセンブリ 'System.Linq.dll' が複数のフォルダーで見つかりました。"
"Message",Normal,"file:///D:/Kaisya2/UWP/weather/WeatherApli/WeatherApli/obj/x86/Release/ilc/in/System.Linq.dll"
"Message",Normal,"D:\Kaisya2\UWP\weather\WeatherApli\WeatherApli\obj\x86\Release\ilc\in\System.Linq.dll"
"Message",Normal,"アセンブリ 'System.Linq.Expressions.dll' が複数のフォルダーで見つかりました。"
"Message",Normal,"file:///D:/Kaisya2/UWP/weather/WeatherApli/WeatherApli/obj/x86/Release/ilc/in/System.Linq.Expressions.dll"
"Message",Normal,"D:\Kaisya2\UWP\weather\WeatherApli\WeatherApli\obj\x86\Release\ilc\in\System.Linq.Expressions.dll"
"Message",Normal,"アセンブリ 'System.Linq.Parallel.dll' が複数のフォルダーで見つかりました。"
"Message",Normal,"file:///D:/Kaisya2/UWP/weather/WeatherApli/WeatherApli/obj/x86/Release/ilc/in/System.Linq.Parallel.dll"
"Message",Normal,"D:\Kaisya2\UWP\weather\WeatherApli\WeatherApli\obj\x86\Release\ilc\in\System.Linq.Parallel.dll"
"Message",Normal,"アセンブリ 'System.Linq.Queryable.dll' が複数のフォルダーで見つかりました。"
"Message",Normal,"file:///D:/Kaisya2/UWP/weather/WeatherApli/WeatherApli/obj/x86/Release/ilc/in/System.Linq.Queryable.dll"
"Message",Normal,"D:\Kaisya2\UWP\weather\WeatherApli\WeatherApli\obj\x86\Release\ilc\in\System.Linq.Queryable.dll"
"Message",Normal,"アセンブリ 'System.Net.dll' が複数のフォルダーで見つかりました。"
"Message",Normal,"file:///D:/Kaisya2/UWP/weather/WeatherApli/WeatherApli/obj/x86/Release/ilc/in/System.Net.dll"
"Message",Normal,"D:\Kaisya2\UWP\weather\WeatherApli\WeatherApli\obj\x86\Release\ilc\in\System.Net.dll"
"Message",Normal,"アセンブリ 'System.Net.Http.dll' が複数のフォルダーで見つかりました。"
"Message",Normal,"file:///D:/Kaisya2/UWP/weather/WeatherApli/WeatherApli/obj/x86/Release/ilc/in/System.Net.Http.dll"
"Message",Normal,"D:\Kaisya2\UWP\weather\WeatherApli\WeatherApli\obj\x86\Release\ilc\in\System.Net.Http.dll"
"Message",Normal,"アセンブリ 'System.Net.Http.Rtc.dll' が複数のフォルダーで見つかりました。"
"Message",Normal,"file:///D:/Kaisya2/UWP/weather/WeatherApli/WeatherApli/obj/x86/Release/ilc/in/System.Net.Http.Rtc.dll"
"Message",Normal,"D:\Kaisya2\UWP\weather\WeatherApli\WeatherApli\obj\x86\Release\ilc\in\System.Net.Http.Rtc.dll"
"Message",Normal,"アセンブリ 'System.Net.NameResolution.dll' が複数のフォルダーで見つかりました。"
"Message",Normal,"file:///D:/Kaisya2/UWP/weather/WeatherApli/WeatherApli/obj/x86/Release/ilc/in/System.Net.NameResolution.dll"
"Message",Normal,"D:\Kaisya2\UWP\weather\WeatherApli\WeatherApli\obj\x86\Release\ilc\in\System.Net.NameResolution.dll"
"Message",Normal,"アセンブリ 'System.Net.NetworkInformation.dll' が複数のフォルダーで見つかりました。"
"Message",Normal,"file:///D:/Kaisya2/UWP/weather/WeatherApli/WeatherApli/obj/x86/Release/ilc/in/System.Net.NetworkInformation.dll"
"Message",Normal,"D:\Kaisya2\UWP\weather\WeatherApli\WeatherApli\obj\x86\Release\ilc\in\System.Net.NetworkInformation.dll"
"Message",Normal,"アセンブリ 'System.Net.Primitives.dll' が複数のフォルダーで見つかりました。"
"Message",Normal,"file:///D:/Kaisya2/UWP/weather/WeatherApli/WeatherApli/obj/x86/Release/ilc/in/System.Net.Primitives.dll"
"Message",Normal,"D:\Kaisya2\UWP\weather\WeatherApli\WeatherApli\obj\x86\Release\ilc\in\System.Net.Primitives.dll"
"Message",Normal,"アセンブリ 'System.Net.Requests.dll' が複数のフォルダーで見つかりました。"
"Message",Normal,"file:///D:/Kaisya2/UWP/weather/WeatherApli/WeatherApli/obj/x86/Release/ilc/in/System.Net.Requests.dll"
"Message",Normal,"D:\Kaisya2\UWP\weather\WeatherApli\WeatherApli\obj\x86\Release\ilc\in\System.Net.Requests.dll"
"Message",Normal,"アセンブリ 'System.Net.Sockets.dll' が複数のフォルダーで見つかりました。"
"Message",Normal,"file:///D:/Kaisya2/UWP/weather/WeatherApli/WeatherApli/obj/x86/Release/ilc/in/System.Net.Sockets.dll"
"Message",Normal,"D:\Kaisya2\UWP\weather\WeatherApli\WeatherApli\obj\x86\Release\ilc\in\System.Net.Sockets.dll"
"Message",Normal,"アセンブリ 'System.Net.WebHeaderCollection.dll' が複数のフォルダーで見つかりました。"
"Message",Normal,"file:///D:/Kaisya2/UWP/weather/WeatherApli/WeatherApli/obj/x86/Release/ilc/in/System.Net.WebHeaderCollection.dll"
"Message",Normal,"D:\Kaisya2\UWP\weather\WeatherApli\WeatherApli\obj\x86\Release\ilc\in\System.Net.WebHeaderCollection.dll"
"Message",Normal,"アセンブリ 'System.Net.WebSockets.Client.dll' が複数のフォルダーで見つかりました。"
"Message",Normal,"file:///D:/Kaisya2/UWP/weather/WeatherApli/WeatherApli/obj/x86/Release/ilc/in/System.Net.WebSockets.Client.dll"
"Message",Normal,"D:\Kaisya2\UWP\weather\WeatherApli\WeatherApli\obj\x86\Release\ilc\in\System.Net.WebSockets.Client.dll"
"Message",Normal,"アセンブリ 'System.Net.WebSockets.dll' が複数のフォルダーで見つかりました。"
"Message",Normal,"file:///D:/Kaisya2/UWP/weather/WeatherApli/WeatherApli/obj/x86/Release/ilc/in/System.Net.WebSockets.dll"
"Message",Normal,"D:\Kaisya2\UWP\weather\WeatherApli\WeatherApli\obj\x86\Release\ilc\in\System.Net.WebSockets.dll"
"Message",Normal,"アセンブリ 'System.Numerics.dll' が複数のフォルダーで見つかりました。"
"Message",Normal,"file:///D:/Kaisya2/UWP/weather/WeatherApli/WeatherApli/obj/x86/Release/ilc/in/System.Numerics.dll"
"Message",Normal,"D:\Kaisya2\UWP\weather\WeatherApli\WeatherApli\obj\x86\Release\ilc\in\System.Numerics.dll"
"Message",Normal,"アセンブリ 'System.Numerics.Vectors.dll' が複数のフォルダーで見つかりました。"
"Message",Normal,"file:///D:/Kaisya2/UWP/weather/WeatherApli/WeatherApli/obj/x86/Release/ilc/in/System.Numerics.Vectors.dll"
"Message",Normal,"D:\Kaisya2\UWP\weather\WeatherApli\WeatherApli\obj\x86\Release\ilc\in\System.Numerics.Vectors.dll"
"Message",Normal,"アセンブリ 'System.Numerics.Vectors.WindowsRuntime.dll' が複数のフォルダーで見つかりました。"
"Message",Normal,"file:///D:/Kaisya2/UWP/weather/WeatherApli/WeatherApli/obj/x86/Release/ilc/in/System.Numerics.Vectors.WindowsRuntime.dll"
"Message",Normal,"D:\Kaisya2\UWP\weather\WeatherApli\WeatherApli\obj\x86\Release\ilc\in\System.Numerics.Vectors.WindowsRuntime.dll"
"Message",Normal,"アセンブリ 'System.ObjectModel.dll' が複数のフォルダーで見つかりました。"
"Message",Normal,"file:///D:/Kaisya2/UWP/weather/WeatherApli/WeatherApli/obj/x86/Release/ilc/in/System.ObjectModel.dll"
"Message",Normal,"D:\Kaisya2\UWP\weather\WeatherApli\WeatherApli\obj\x86\Release\ilc\in\System.ObjectModel.dll"
"Message",Normal,"アセンブリ 'System.Private.DataContractSerialization.dll' が複数のフォルダーで見つかりました。"
"Message",Normal,"file:///D:/Kaisya2/UWP/weather/WeatherApli/WeatherApli/obj/x86/Release/ilc/in/System.Private.DataContractSerialization.dll"
"Message",Normal,"D:\Kaisya2\UWP\weather\WeatherApli\WeatherApli\obj\x86\Release\ilc\in\System.Private.DataContractSerialization.dll"
"Message",Normal,"アセンブリ 'System.Private.ServiceModel.dll' が複数のフォルダーで見つかりました。"
"Message",Normal,"file:///D:/Kaisya2/UWP/weather/WeatherApli/WeatherApli/obj/x86/Release/ilc/in/System.Private.ServiceModel.dll"
"Message",Normal,"D:\Kaisya2\UWP\weather\WeatherApli\WeatherApli\obj\x86\Release\ilc\in\System.Private.ServiceModel.dll"
"Message",Normal,"アセンブリ 'System.Private.Uri.dll' が複数のフォルダーで見つかりました。"
"Message",Normal,"file:///D:/Kaisya2/UWP/weather/WeatherApli/WeatherApli/obj/x86/Release/ilc/in/System.Private.Uri.dll"
"Message",Normal,"D:\Kaisya2\UWP\weather\WeatherApli\WeatherApli\obj\x86\Release\ilc\in\System.Private.Uri.dll"
"Message",Normal,"アセンブリ 'System.Reflection.Context.dll' が複数のフォルダーで見つかりました。"
"Message",Normal,"file:///D:/Kaisya2/UWP/weather/WeatherApli/WeatherApli/obj/x86/Release/ilc/in/System.Reflection.Context.dll"
"Message",Normal,"D:\Kaisya2\UWP\weather\WeatherApli\WeatherApli\obj\x86\Release\ilc\in\System.Reflection.Context.dll"
"Message",Normal,"アセンブリ 'System.Reflection.DispatchProxy.dll' が複数のフォルダーで見つかりました。"
"Message",Normal,"file:///D:/Kaisya2/UWP/weather/WeatherApli/WeatherApli/obj/x86/Release/ilc/in/System.Reflection.DispatchProxy.dll"
"Message",Normal,"D:\Kaisya2\UWP\weather\WeatherApli\WeatherApli\obj\x86\Release\ilc\in\System.Reflection.DispatchProxy.dll"
"Message",Normal,"アセンブリ 'System.Reflection.dll' が複数のフォルダーで見つかりました。"
"Message",Normal,"file:///D:/Kaisya2/UWP/weather/WeatherApli/WeatherApli/obj/x86/Release/ilc/in/System.Reflection.dll"
"Message",Normal,"D:\Kaisya2\UWP\weather\WeatherApli\WeatherApli\obj\x86\Release\ilc\in\System.Reflection.dll"
"Message",Normal,"アセンブリ 'System.Reflection.Emit.dll' が複数のフォルダーで見つかりました。"
"Message",Normal,"file:///D:/Kaisya2/UWP/weather/WeatherApli/WeatherApli/obj/x86/Release/ilc/in/System.Reflection.Emit.dll"
"Message",Normal,"D:\Kaisya2\UWP\weather\WeatherApli\WeatherApli\obj\x86\Release\ilc\in\System.Reflection.Emit.dll"
"Message",Normal,"アセンブリ 'System.Reflection.Extensions.dll' が複数のフォルダーで見つかりました。"
"Message",Normal,"file:///D:/Kaisya2/UWP/weather/WeatherApli/WeatherApli/obj/x86/Release/ilc/in/System.Reflection.Extensions.dll"
"Message",Normal,"D:\Kaisya2\UWP\weather\WeatherApli\WeatherApli\obj\x86\Release\ilc\in\System.Reflection.Extensions.dll"
"Message",Normal,"アセンブリ 'System.Reflection.Metadata.dll' が複数のフォルダーで見つかりました。"
"Message",Normal,"file:///D:/Kaisya2/UWP/weather/WeatherApli/WeatherApli/obj/x86/Release/ilc/in/System.Reflection.Metadata.dll"
"Message",Normal,"D:\Kaisya2\UWP\weather\WeatherApli\WeatherApli\obj\x86\Release\ilc\in\System.Reflection.Metadata.dll"
"Message",Normal,"アセンブリ 'System.Reflection.Primitives.dll' が複数のフォルダーで見つかりました。"
"Message",Normal,"file:///D:/Kaisya2/UWP/weather/WeatherApli/WeatherApli/obj/x86/Release/ilc/in/System.Reflection.Primitives.dll"
"Message",Normal,"D:\Kaisya2\UWP\weather\WeatherApli\WeatherApli\obj\x86\Release\ilc\in\System.Reflection.Primitives.dll"
"Message",Normal,"アセンブリ 'System.Reflection.TypeExtensions.dll' が複数のフォルダーで見つかりました。"
"Message",Normal,"file:///D:/Kaisya2/UWP/weather/WeatherApli/WeatherApli/obj/x86/Release/ilc/in/System.Reflection.TypeExtensions.dll"
"Message",Normal,"D:\Kaisya2\UWP\weather\WeatherApli\WeatherApli\obj\x86\Release\ilc\in\System.Reflection.TypeExtensions.dll"
"Message",Normal,"アセンブリ 'System.Resources.ResourceManager.dll' が複数のフォルダーで見つかりました。"
"Message",Normal,"file:///D:/Kaisya2/UWP/weather/WeatherApli/WeatherApli/obj/x86/Release/ilc/in/System.Resources.ResourceManager.dll"
"Message",Normal,"D:\Kaisya2\UWP\weather\WeatherApli\WeatherApli\obj\x86\Release\ilc\in\System.Resources.ResourceManager.dll"
"Message",Normal,"アセンブリ 'System.Runtime.dll' が複数のフォルダーで見つかりました。"
"Message",Normal,"file:///D:/Kaisya2/UWP/weather/WeatherApli/WeatherApli/obj/x86/Release/ilc/in/System.Runtime.dll"
"Message",Normal,"D:\Kaisya2\UWP\weather\WeatherApli\WeatherApli\obj\x86\Release\ilc\in\System.Runtime.dll"
"Message",Normal,"アセンブリ 'System.Runtime.Extensions.dll' が複数のフォルダーで見つかりました。"
"Message",Normal,"file:///D:/Kaisya2/UWP/weather/WeatherApli/WeatherApli/obj/x86/Release/ilc/in/System.Runtime.Extensions.dll"
"Message",Normal,"D:\Kaisya2\UWP\weather\WeatherApli\WeatherApli\obj\x86\Release\ilc\in\System.Runtime.Extensions.dll"
"Message",Normal,"アセンブリ 'System.Runtime.Handles.dll' が複数のフォルダーで見つかりました。"
"Message",Normal,"file:///D:/Kaisya2/UWP/weather/WeatherApli/WeatherApli/obj/x86/Release/ilc/in/System.Runtime.Handles.dll"
"Message",Normal,"D:\Kaisya2\UWP\weather\WeatherApli\WeatherApli\obj\x86\Release\ilc\in\System.Runtime.Handles.dll"
"Message",Normal,"アセンブリ 'System.Runtime.InteropServices.dll' が複数のフォルダーで見つかりました。"
"Message",Normal,"file:///D:/Kaisya2/UWP/weather/WeatherApli/WeatherApli/obj/x86/Release/ilc/in/System.Runtime.InteropServices.dll"
"Message",Normal,"D:\Kaisya2\UWP\weather\WeatherApli\WeatherApli\obj\x86\Release\ilc\in\System.Runtime.InteropServices.dll"
"Message",Normal,"アセンブリ 'System.Runtime.InteropServices.WindowsRuntime.dll' が複数のフォルダーで見つかりました。"
"Message",Normal,"file:///D:/Kaisya2/UWP/weather/WeatherApli/WeatherApli/obj/x86/Release/ilc/in/System.Runtime.InteropServices.WindowsRuntime.dll"
"Message",Normal,"D:\Kaisya2\UWP\weather\WeatherApli\WeatherApli\obj\x86\Release\ilc\in\System.Runtime.InteropServices.WindowsRuntime.dll"
"Message",Normal,"アセンブリ 'System.Runtime.Numerics.dll' が複数のフォルダーで見つかりました。"
"Message",Normal,"file:///D:/Kaisya2/UWP/weather/WeatherApli/WeatherApli/obj/x86/Release/ilc/in/System.Runtime.Numerics.dll"
"Message",Normal,"D:\Kaisya2\UWP\weather\WeatherApli\WeatherApli\obj\x86\Release\ilc\in\System.Runtime.Numerics.dll"
"Message",Normal,"アセンブリ 'System.Runtime.Serialization.dll' が複数のフォルダーで見つかりました。"
"Message",Normal,"file:///D:/Kaisya2/UWP/weather/WeatherApli/WeatherApli/obj/x86/Release/ilc/in/System.Runtime.Serialization.dll"
"Message",Normal,"D:\Kaisya2\UWP\weather\WeatherApli\WeatherApli\obj\x86\Release\ilc\in\System.Runtime.Serialization.dll"
"Message",Normal,"アセンブリ 'System.Runtime.Serialization.Json.dll' が複数のフォルダーで見つかりました。"
"Message",Normal,"file:///D:/Kaisya2/UWP/weather/WeatherApli/WeatherApli/obj/x86/Release/ilc/in/System.Runtime.Serialization.Json.dll"
"Message",Normal,"D:\Kaisya2\UWP\weather\WeatherApli\WeatherApli\obj\x86\Release\ilc\in\System.Runtime.Serialization.Json.dll"
"Message",Normal,"アセンブリ 'System.Runtime.Serialization.Primitives.dll' が複数のフォルダーで見つかりました。"
"Message",Normal,"file:///D:/Kaisya2/UWP/weather/WeatherApli/WeatherApli/obj/x86/Release/ilc/in/System.Runtime.Serialization.Primitives.dll"
"Message",Normal,"D:\Kaisya2\UWP\weather\WeatherApli\WeatherApli\obj\x86\Release\ilc\in\System.Runtime.Serialization.Primitives.dll"
"Message",Normal,"アセンブリ 'System.Runtime.Serialization.Xml.dll' が複数のフォルダーで見つかりました。"
"Message",Normal,"file:///D:/Kaisya2/UWP/weather/WeatherApli/WeatherApli/obj/x86/Release/ilc/in/System.Runtime.Serialization.Xml.dll"
"Message",Normal,"D:\Kaisya2\UWP\weather\WeatherApli\WeatherApli\obj\x86\Release\ilc\in\System.Runtime.Serialization.Xml.dll"
"Message",Normal,"アセンブリ 'System.Runtime.WindowsRuntime.dll' が複数のフォルダーで見つかりました。"
"Message",Normal,"file:///D:/Kaisya2/UWP/weather/WeatherApli/WeatherApli/obj/x86/Release/ilc/intermediate/TransformedSRWR/System.Runtime.WindowsRuntime.dll"
"Message",Normal,"D:\Kaisya2\UWP\weather\WeatherApli\WeatherApli\obj\x86\Release\ilc\in\System.Runtime.WindowsRuntime.dll"
"Message",Normal,"アセンブリ 'System.Runtime.WindowsRuntime.UI.Xaml.dll' が複数のフォルダーで見つかりました。"
"Message",Normal,"file:///D:/Kaisya2/UWP/weather/WeatherApli/WeatherApli/obj/x86/Release/ilc/in/System.Runtime.WindowsRuntime.UI.Xaml.dll"
"Message",Normal,"D:\Kaisya2\UWP\weather\WeatherApli\WeatherApli\obj\x86\Release\ilc\in\System.Runtime.WindowsRuntime.UI.Xaml.dll"
"Message",Normal,"アセンブリ 'System.Security.Claims.dll' が複数のフォルダーで見つかりました。"
"Message",Normal,"file:///D:/Kaisya2/UWP/weather/WeatherApli/WeatherApli/obj/x86/Release/ilc/in/System.Security.Claims.dll"
"Message",Normal,"D:\Kaisya2\UWP\weather\WeatherApli\WeatherApli\obj\x86\Release\ilc\in\System.Security.Claims.dll"
"Message",Normal,"アセンブリ 'System.Security.Cryptography.Algorithms.dll' が複数のフォルダーで見つかりました。"
"Message",Normal,"file:///D:/Kaisya2/UWP/weather/WeatherApli/WeatherApli/obj/x86/Release/ilc/in/System.Security.Cryptography.Algorithms.dll"
"Message",Normal,"D:\Kaisya2\UWP\weather\WeatherApli\WeatherApli\obj\x86\Release\ilc\in\System.Security.Cryptography.Algorithms.dll"
"Message",Normal,"アセンブリ 'System.Security.Cryptography.Cng.dll' が複数のフォルダーで見つかりました。"
"Message",Normal,"file:///D:/Kaisya2/UWP/weather/WeatherApli/WeatherApli/obj/x86/Release/ilc/in/System.Security.Cryptography.Cng.dll"
"Message",Normal,"D:\Kaisya2\UWP\weather\WeatherApli\WeatherApli\obj\x86\Release\ilc\in\System.Security.Cryptography.Cng.dll"
"Message",Normal,"アセンブリ 'System.Security.Cryptography.Encoding.dll' が複数のフォルダーで見つかりました。"
"Message",Normal,"file:///D:/Kaisya2/UWP/weather/WeatherApli/WeatherApli/obj/x86/Release/ilc/in/System.Security.Cryptography.Encoding.dll"
"Message",Normal,"D:\Kaisya2\UWP\weather\WeatherApli\WeatherApli\obj\x86\Release\ilc\in\System.Security.Cryptography.Encoding.dll"
"Message",Normal,"アセンブリ 'System.Security.Cryptography.Primitives.dll' が複数のフォルダーで見つかりました。"
"Message",Normal,"file:///D:/Kaisya2/UWP/weather/WeatherApli/WeatherApli/obj/x86/Release/ilc/in/System.Security.Cryptography.Primitives.dll"
"Message",Normal,"D:\Kaisya2\UWP\weather\WeatherApli\WeatherApli\obj\x86\Release\ilc\in\System.Security.Cryptography.Primitives.dll"
"Message",Normal,"アセンブリ 'System.Security.Cryptography.X509Certificates.dll' が複数のフォルダーで見つかりました。"
"Message",Normal,"file:///D:/Kaisya2/UWP/weather/WeatherApli/WeatherApli/obj/x86/Release/ilc/in/System.Security.Cryptography.X509Certificates.dll"
"Message",Normal,"D:\Kaisya2\UWP\weather\WeatherApli\WeatherApli\obj\x86\Release\ilc\in\System.Security.Cryptography.X509Certificates.dll"
"Message",Normal,"アセンブリ 'System.Security.Principal.dll' が複数のフォルダーで見つかりました。"
"Message",Normal,"file:///D:/Kaisya2/UWP/weather/WeatherApli/WeatherApli/obj/x86/Release/ilc/in/System.Security.Principal.dll"
"Message",Normal,"D:\Kaisya2\UWP\weather\WeatherApli\WeatherApli\obj\x86\Release\ilc\in\System.Security.Principal.dll"
"Message",Normal,"アセンブリ 'System.ServiceModel.dll' が複数のフォルダーで見つかりました。"
"Message",Normal,"file:///D:/Kaisya2/UWP/weather/WeatherApli/WeatherApli/obj/x86/Release/ilc/in/System.ServiceModel.dll"
"Message",Normal,"D:\Kaisya2\UWP\weather\WeatherApli\WeatherApli\obj\x86\Release\ilc\in\System.ServiceModel.dll"
"Message",Normal,"アセンブリ 'System.ServiceModel.Duplex.dll' が複数のフォルダーで見つかりました。"
"Message",Normal,"file:///D:/Kaisya2/UWP/weather/WeatherApli/WeatherApli/obj/x86/Release/ilc/in/System.ServiceModel.Duplex.dll"
"Message",Normal,"D:\Kaisya2\UWP\weather\WeatherApli\WeatherApli\obj\x86\Release\ilc\in\System.ServiceModel.Duplex.dll"
"Message",Normal,"アセンブリ 'System.ServiceModel.Http.dll' が複数のフォルダーで見つかりました。"
"Message",Normal,"file:///D:/Kaisya2/UWP/weather/WeatherApli/WeatherApli/obj/x86/Release/ilc/in/System.ServiceModel.Http.dll"
"Message",Normal,"D:\Kaisya2\UWP\weather\WeatherApli\WeatherApli\obj\x86\Release\ilc\in\System.ServiceModel.Http.dll"
"Message",Normal,"アセンブリ 'System.ServiceModel.NetTcp.dll' が複数のフォルダーで見つかりました。"
"Message",Normal,"file:///D:/Kaisya2/UWP/weather/WeatherApli/WeatherApli/obj/x86/Release/ilc/in/System.ServiceModel.NetTcp.dll"
"Message",Normal,"D:\Kaisya2\UWP\weather\WeatherApli\WeatherApli\obj\x86\Release\ilc\in\System.ServiceModel.NetTcp.dll"
"Message",Normal,"アセンブリ 'System.ServiceModel.Primitives.dll' が複数のフォルダーで見つかりました。"
"Message",Normal,"file:///D:/Kaisya2/UWP/weather/WeatherApli/WeatherApli/obj/x86/Release/ilc/in/System.ServiceModel.Primitives.dll"
"Message",Normal,"D:\Kaisya2\UWP\weather\WeatherApli\WeatherApli\obj\x86\Release\ilc\in\System.ServiceModel.Primitives.dll"
"Message",Normal,"アセンブリ 'System.ServiceModel.Security.dll' が複数のフォルダーで見つかりました。"
"Message",Normal,"file:///D:/Kaisya2/UWP/weather/WeatherApli/WeatherApli/obj/x86/Release/ilc/in/System.ServiceModel.Security.dll"
"Message",Normal,"D:\Kaisya2\UWP\weather\WeatherApli\WeatherApli\obj\x86\Release\ilc\in\System.ServiceModel.Security.dll"
"Message",Normal,"アセンブリ 'System.ServiceModel.Web.dll' が複数のフォルダーで見つかりました。"
"Message",Normal,"file:///D:/Kaisya2/UWP/weather/WeatherApli/WeatherApli/obj/x86/Release/ilc/in/System.ServiceModel.Web.dll"
"Message",Normal,"D:\Kaisya2\UWP\weather\WeatherApli\WeatherApli\obj\x86\Release\ilc\in\System.ServiceModel.Web.dll"
"Message",Normal,"アセンブリ 'System.Text.Encoding.CodePages.dll' が複数のフォルダーで見つかりました。"
"Message",Normal,"file:///D:/Kaisya2/UWP/weather/WeatherApli/WeatherApli/obj/x86/Release/ilc/in/System.Text.Encoding.CodePages.dll"
"Message",Normal,"D:\Kaisya2\UWP\weather\WeatherApli\WeatherApli\obj\x86\Release\ilc\in\System.Text.Encoding.CodePages.dll"
"Message",Normal,"アセンブリ 'System.Text.Encoding.dll' が複数のフォルダーで見つかりました。"
"Message",Normal,"file:///D:/Kaisya2/UWP/weather/WeatherApli/WeatherApli/obj/x86/Release/ilc/in/System.Text.Encoding.dll"
"Message",Normal,"D:\Kaisya2\UWP\weather\WeatherApli\WeatherApli\obj\x86\Release\ilc\in\System.Text.Encoding.dll"
"Message",Normal,"アセンブリ 'System.Text.Encoding.Extensions.dll' が複数のフォルダーで見つかりました。"
"Message",Normal,"file:///D:/Kaisya2/UWP/weather/WeatherApli/WeatherApli/obj/x86/Release/ilc/in/System.Text.Encoding.Extensions.dll"
"Message",Normal,"D:\Kaisya2\UWP\weather\WeatherApli\WeatherApli\obj\x86\Release\ilc\in\System.Text.Encoding.Extensions.dll"
"Message",Normal,"アセンブリ 'System.Text.RegularExpressions.dll' が複数のフォルダーで見つかりました。"
"Message",Normal,"file:///D:/Kaisya2/UWP/weather/WeatherApli/WeatherApli/obj/x86/Release/ilc/in/System.Text.RegularExpressions.dll"
"Message",Normal,"D:\Kaisya2\UWP\weather\WeatherApli\WeatherApli\obj\x86\Release\ilc\in\System.Text.RegularExpressions.dll"
"Message",Normal,"アセンブリ 'System.Threading.dll' が複数のフォルダーで見つかりました。"
"Message",Normal,"file:///D:/Kaisya2/UWP/weather/WeatherApli/WeatherApli/obj/x86/Release/ilc/in/System.Threading.dll"
"Message",Normal,"D:\Kaisya2\UWP\weather\WeatherApli\WeatherApli\obj\x86\Release\ilc\in\System.Threading.dll"
"Message",Normal,"アセンブリ 'System.Threading.Overlapped.dll' が複数のフォルダーで見つかりました。"
"Message",Normal,"file:///D:/Kaisya2/UWP/weather/WeatherApli/WeatherApli/obj/x86/Release/ilc/in/System.Threading.Overlapped.dll"
"Message",Normal,"D:\Kaisya2\UWP\weather\WeatherApli\WeatherApli\obj\x86\Release\ilc\in\System.Threading.Overlapped.dll"
"Message",Normal,"アセンブリ 'System.Threading.Tasks.Dataflow.dll' が複数のフォルダーで見つかりました。"
"Message",Normal,"file:///D:/Kaisya2/UWP/weather/WeatherApli/WeatherApli/obj/x86/Release/ilc/in/System.Threading.Tasks.Dataflow.dll"
"Message",Normal,"D:\Kaisya2\UWP\weather\WeatherApli\WeatherApli\obj\x86\Release\ilc\in\System.Threading.Tasks.Dataflow.dll"
"Message",Normal,"アセンブリ 'System.Threading.Tasks.dll' が複数のフォルダーで見つかりました。"
"Message",Normal,"file:///D:/Kaisya2/UWP/weather/WeatherApli/WeatherApli/obj/x86/Release/ilc/in/System.Threading.Tasks.dll"
"Message",Normal,"D:\Kaisya2\UWP\weather\WeatherApli\WeatherApli\obj\x86\Release\ilc\in\System.Threading.Tasks.dll"
"Message",Normal,"アセンブリ 'System.Threading.Tasks.Extensions.dll' が複数のフォルダーで見つかりました。"
"Message",Normal,"file:///D:/Kaisya2/UWP/weather/WeatherApli/WeatherApli/obj/x86/Release/ilc/in/System.Threading.Tasks.Extensions.dll"
"Message",Normal,"D:\Kaisya2\UWP\weather\WeatherApli\WeatherApli\obj\x86\Release\ilc\in\System.Threading.Tasks.Extensions.dll"
"Message",Normal,"アセンブリ 'System.Threading.Tasks.Parallel.dll' が複数のフォルダーで見つかりました。"
"Message",Normal,"file:///D:/Kaisya2/UWP/weather/WeatherApli/WeatherApli/obj/x86/Release/ilc/in/System.Threading.Tasks.Parallel.dll"
"Message",Normal,"D:\Kaisya2\UWP\weather\WeatherApli\WeatherApli\obj\x86\Release\ilc\in\System.Threading.Tasks.Parallel.dll"
"Message",Normal,"アセンブリ 'System.Threading.Timer.dll' が複数のフォルダーで見つかりました。"
"Message",Normal,"file:///D:/Kaisya2/UWP/weather/WeatherApli/WeatherApli/obj/x86/Release/ilc/in/System.Threading.Timer.dll"
"Message",Normal,"D:\Kaisya2\UWP\weather\WeatherApli\WeatherApli\obj\x86\Release\ilc\in\System.Threading.Timer.dll"
"Message",Normal,"アセンブリ 'System.Windows.dll' が複数のフォルダーで見つかりました。"
"Message",Normal,"file:///D:/Kaisya2/UWP/weather/WeatherApli/WeatherApli/obj/x86/Release/ilc/in/System.Windows.dll"
"Message",Normal,"D:\Kaisya2\UWP\weather\WeatherApli\WeatherApli\obj\x86\Release\ilc\in\System.Windows.dll"
"Message",Normal,"アセンブリ 'System.Xml.dll' が複数のフォルダーで見つかりました。"
"Message",Normal,"file:///D:/Kaisya2/UWP/weather/WeatherApli/WeatherApli/obj/x86/Release/ilc/in/System.Xml.dll"
"Message",Normal,"D:\Kaisya2\UWP\weather\WeatherApli\WeatherApli\obj\x86\Release\ilc\in\System.Xml.dll"
"Message",Normal,"アセンブリ 'System.Xml.Linq.dll' が複数のフォルダーで見つかりました。"
"Message",Normal,"file:///D:/Kaisya2/UWP/weather/WeatherApli/WeatherApli/obj/x86/Release/ilc/in/System.Xml.Linq.dll"
"Message",Normal,"D:\Kaisya2\UWP\weather\WeatherApli\WeatherApli\obj\x86\Release\ilc\in\System.Xml.Linq.dll"
"Message",Normal,"アセンブリ 'System.Xml.ReaderWriter.dll' が複数のフォルダーで見つかりました。"
"Message",Normal,"file:///D:/Kaisya2/UWP/weather/WeatherApli/WeatherApli/obj/x86/Release/ilc/in/System.Xml.ReaderWriter.dll"
"Message",Normal,"D:\Kaisya2\UWP\weather\WeatherApli\WeatherApli\obj\x86\Release\ilc\in\System.Xml.ReaderWriter.dll"
"Message",Normal,"アセンブリ 'System.Xml.Serialization.dll' が複数のフォルダーで見つかりました。"
"Message",Normal,"file:///D:/Kaisya2/UWP/weather/WeatherApli/WeatherApli/obj/x86/Release/ilc/in/System.Xml.Serialization.dll"
"Message",Normal,"D:\Kaisya2\UWP\weather\WeatherApli\WeatherApli\obj\x86\Release\ilc\in\System.Xml.Serialization.dll"
"Message",Normal,"アセンブリ 'System.Xml.XDocument.dll' が複数のフォルダーで見つかりました。"
"Message",Normal,"file:///D:/Kaisya2/UWP/weather/WeatherApli/WeatherApli/obj/x86/Release/ilc/in/System.Xml.XDocument.dll"
"Message",Normal,"D:\Kaisya2\UWP\weather\WeatherApli\WeatherApli\obj\x86\Release\ilc\in\System.Xml.XDocument.dll"
"Message",Normal,"アセンブリ 'System.Xml.XmlDocument.dll' が複数のフォルダーで見つかりました。"
"Message",Normal,"file:///D:/Kaisya2/UWP/weather/WeatherApli/WeatherApli/obj/x86/Release/ilc/in/System.Xml.XmlDocument.dll"
"Message",Normal,"D:\Kaisya2\UWP\weather\WeatherApli\WeatherApli\obj\x86\Release\ilc\in\System.Xml.XmlDocument.dll"
"Message",Normal,"アセンブリ 'System.Xml.XmlSerializer.dll' が複数のフォルダーで見つかりました。"
"Message",Normal,"file:///D:/Kaisya2/UWP/weather/WeatherApli/WeatherApli/obj/x86/Release/ilc/in/System.Xml.XmlSerializer.dll"
"Message",Normal,"D:\Kaisya2\UWP\weather\WeatherApli\WeatherApli\obj\x86\Release\ilc\in\System.Xml.XmlSerializer.dll"
"Message",Normal,"アセンブリ 'WeatherApli.exe' が複数のフォルダーで見つかりました。"
"Message",Normal,"file:///D:/Kaisya2/UWP/weather/WeatherApli/WeatherApli/obj/x86/Release/ilc/intermediate/PreMergeILTransformed/WeatherApli.exe"
"Message",Normal,"D:\Kaisya2\UWP\weather\WeatherApli\WeatherApli\obj\x86\Release\ilc\in\WeatherApli.exe"
"Message",Normal,"複数のアセンブリで型 'System.DBNull' が見つかりました。"
"Message",Normal,"file:///D:/Kaisya2/UWP/weather/WeatherApli/WeatherApli/obj/x86/Release/ilc/in/System.Data.Common.dll"
"Message",Normal,"file:///C:/Program Files (x86)/Microsoft SDKs/UWPNuGetPackages/microsoft.net.native.compiler/1.7.3/tools/x86/ilc/lib/Private/System.Private.Reflection.Core.dll"
"Message",Normal,"複数のアセンブリで型 'System.Reflection.BindingFlags' が見つかりました。"
"Message",Normal,"file:///D:/Kaisya2/UWP/weather/WeatherApli/WeatherApli/obj/x86/Release/ilc/in/System.Reflection.TypeExtensions.dll"
"Message",Normal,"file:///C:/Program Files (x86)/Microsoft SDKs/UWPNuGetPackages/microsoft.net.native.compiler/1.7.3/tools/x86/ilc/lib/Private/System.Private.Reflection.dll"
"Message",High,"Generating System.Reflection.DispatchProxy proxy code."
"Message",Normal,"Running 'DumpNativeResources' transform, heap at 179 MB."
"Message",Normal,"Running 'ReducedCopyInitialize' transform, heap at 179 MB."
"Message",Normal,"Running 'ReducedCopyEmptyTypes' transform, heap at 201 MB."
"Message",Normal,"Running 'ReducedCopyPopulateTypes' transform, heap at 203 MB."
"Message",Normal,"Running 'ReducedCopyLateMetadata' transform, heap at 217 MB."
"Message",Normal,"Running 'ReducedCopyMethodBodies' transform, heap at 132 MB."
"Message",Normal,"Running 'ReducedCopyComplete' transform, heap at 158 MB."
"Message",Normal,"Running 'ReducedCopyCleanup' transform, heap at 175 MB."
"Message",Normal,"Running 'DeveloperExperienceModeOnlyCodeRemover' transform, heap at 175 MB."
"Message",Normal,"Running 'ComImportDetector' transform, heap at 181 MB."
"Message",Normal,"Running 'McgAccessor' transform, heap at 181 MB."
"Message",Normal,"Running 'McgRedirect' transform, heap at 182 MB."
"Message",Normal,"Running 'McgRedirect' transform, heap at 184 MB."
"Message",Normal,"Running 'McgTypeOf' transform, heap at 185 MB."
"Message",Normal,"Running 'ExceptionMiniaturizer' transform, heap at 189 MB."
"Message",Normal,"Running 'EventSource' transform, heap at 197 MB."
"Message",Normal,"Running 'ValueType' transform, heap at 198 MB."
"Message",Normal,"Running 'Attribute' transform, heap at 198 MB."
"Message",Normal,"Running 'GetType' transform, heap at 198 MB."
"Message",Normal,"Running 'McgFixups' transform, heap at 198 MB."
"Message",Normal,"Running 'ResourceManagerCtor' transform, heap at 199 MB."
"Message",Normal,"Running 'TypeofTypeHandle' transform, heap at 199 MB."
"Message",Normal,"Running 'DispatchProxyIntrinsics' transform, heap at 201 MB."
"Message",Normal,"Running 'StaticInitData' transform, heap at 201 MB."
"Message",Normal,"Running 'StartupCodeInjector' transform, heap at 210 MB."
"Message",Normal,"Running 'InjectAppContextSwitches' transform, heap at 210 MB."
"Message",Normal,"Running 'ImplementLibraryDynamicInvokeHelpers' transform, heap at 210 MB."
"Message",Normal,"Running 'Delegate' transform, heap at 210 MB."
"Message",Normal,"Running 'DelegateCtorCall' transform, heap at 217 MB."
"Message",Normal,"Running 'LazyGenerics' transform, heap at 217 MB."
"Message",Normal,"Running 'AddReflectionBlockedAttributes' transform, heap at 228 MB."
"Message",Normal,"Running 'DisableOptimization' transform, heap at 228 MB."
"Message",Normal,"Running 'CreateMetadata' transform, heap at 228 MB."
"Message",Normal,"Running 'SaveRVAStatics' transform, heap at 167 MB."
"Message",Normal,"Running 'ReflectionInvoke' transform, heap at 168 MB."
"Message",Normal,"Running 'ScrubOpenCalls' transform, heap at 168 MB."
"Message",Normal,"Running 'ConvertCatchIntoFilter' transform, heap at 168 MB."
"Message",Normal,"Running 'ReflectionMappingInfoEmit' transform, heap at 168 MB."
"Message",Normal,"Running 'ConvertManagedWinMD' transform, heap at 169 MB."
"Message",Normal,"Running 'Reducer' transform, heap at 169 MB."
"Message",High,"Cleaning up unreferenced code"
"Message",Normal,"Running 'WriteAssemblies' transform, heap at 238 MB."
"Message",Normal,""
"Message",Normal,"Transform summary"
"Message",Normal,"    ms | heap delta | name"
"Message",Normal,"  4824 |          0 | GenerateCodeAndCompile"
"Message",Normal,"  4276 |         95 | Analysis"
"Message",Normal,"   614 |         69 | Reducer"
"Message",Normal,"   610 |        -40 | WriteAssemblies"
"Message",Normal,"   478 |         63 | Mcg"
"Message",Normal,"   249 |         22 | ReducedCopyInitialize"
"Message",Normal,"   202 |        -61 | CreateMetadata"
"Message",Normal,"   155 |         17 | ReducedCopyComplete"
"Message",Normal,"   125 |         26 | ReducedCopyMethodBodies"
"Message",Normal,"   121 |        -85 | ReducedCopyLateMetadata"
"Message",Normal,"   100 |         14 | ReducedCopyPopulateTypes"
"Message",Normal,"    64 |          4 | McgTypeOf"
"Message",Normal,"    61 |         11 | LazyGenerics"
"Message",Normal,"    52 |          2 | McgRedirect"
"Message",Normal,"    51 |          9 | StaticInitData"
"Message",Normal,"    31 |          1 | McgRedirect"
"Message",Normal,"    26 |          8 | ExceptionMiniaturizer"
"Message",Normal,"    26 |          2 | TypeofTypeHandle"
"Message",Normal,"    22 |          7 | Delegate"
"Message",Normal,"    15 |          1 | McgAccessor"
"Message",Normal,"    14 |          0 | DelegateCtorCall"
"Message",Normal,"    12 |          2 | ReducedCopyEmptyTypes"
"Message",Normal,"    11 |          1 | SaveRVAStatics"
"Message",Normal,"     7 |          1 | McgFixups"
"Message",Normal,"     7 |          0 | ReducedCopyCleanup"
"Message",Normal,"     6 |          0 | GetType"
"Message",Normal,"     6 |          6 | DeveloperExperienceModeOnlyCodeRemover"
"Message",Normal,"     4 |          0 | ScrubOpenCalls"
"Message",Normal,"     4 |          0 | DispatchProxyIntrinsics"
"Message",Normal,"     2 |          0 | Attribute"
"Message",Normal,"     2 |          0 | ConvertCatchIntoFilter"
"Message",Normal,"     2 |          0 | StartupCodeInjector"
"Message",Normal,"     2 |          0 | DumpNativeResources"
"Message",Normal,"     1 |          1 | EventSource"
"Message",Normal,"     1 |          0 | ReflectionInvoke"
"Message",Normal,"     1 |          1 | ReflectionMappingInfoEmit"
"Message",Normal,"     0 |          0 | ResourceManagerCtor"
"Message",Normal,"     0 |          0 | ConvertManagedWinMD"
"Message",Normal,"     0 |          0 | ValueType"
"Message",Normal,"     0 |          0 | ImplementLibraryDynamicInvokeHelpers"
"Message",Normal,"     0 |          0 | InjectAppContextSwitches"
"Message",Normal,"     0 |          0 | ComImportDetector"
"Message",Normal,"     0 |          0 | DisableOptimization"
"Message",Normal,"     0 |          0 | AddReflectionBlockedAttributes"
"Message",Low,"タスク ""RunILTransforms"" の実行が終了しました。"
"Message",Low,"ファイル ""ILTransforms"" 内のターゲット ""RunILTransforms"" のビルドが終了しました。"
"Message",Low,"プロジェクト ""ILTransforms"" のビルドが終了しました。"
"Message",Low,""
"Message",Low,""
"Message",Low,"ファイル ""Nutc"" 内のターゲット ""GenerateMDIL"" のビルドが終了しました。"
"Message",Low,""
"Message",High,"ネイティブ コードを生成しています"
"Message",Low,"ファイル ""Nutc"" 内のターゲット ""MDILPrepareMultiFile"" のビルドが終了しました。"
"Message",Low,""
"Message",Low,"ファイル ""Nutc"" 内のターゲット ""SetBinaryForReferences"" のビルドが終了しました。"
"Message",Low,""
"Message",Low,"タスク ""GenerateMDILGlobalAnalysis"""
"Message",Normal,"Launching 'C:\Program Files (x86)\Microsoft SDKs\UWPNuGetPackages\microsoft.net.native.compiler\1.7.3\tools\x86\ilc\Tools\nutc_driver.exe @""D:\Kaisya2\UWP\weather\WeatherApli\WeatherApli\obj\x86\Release\ilc\intermediate\MDIL\WeatherApli.rsp""'"
"Message",Low,"Microsoft (R) MDIL Compiler - Version 1.7.25927.00"
"Message",Low,"Copyright (c) Microsoft Corporation.  All rights reserved."
"Message",Low,"入力タイプのスキャン中"
"Message",Low,"'1233' メソッドのスキャン中です。"
"Message",Low,"'1058' メソッドのスキャン中です。"
"Message",Low,"'349' メソッドのスキャン中です。"
"Message",Low,"'262' メソッドのスキャン中です。"
"Message",Low,"'1978' メソッドのスキャン中です。"
"Message",Low,"'1713' メソッドのスキャン中です。"
"Message",Low,"'1123' メソッドのスキャン中です。"
"Message",Low,"'1014' メソッドのスキャン中です。"
"Message",Low,"'632' メソッドのスキャン中です。"
"Message",Low,"'330' メソッドのスキャン中です。"
"Message",Low,"'186' メソッドのスキャン中です。"
"Message",Low,"'96' メソッドのスキャン中です。"
"Message",Low,"'66' メソッドのスキャン中です。"
"Message",Low,"'100' メソッドのスキャン中です。"
"Message",Low,"'69' メソッドのスキャン中です。"
"Message",Low,"'99' メソッドのスキャン中です。"
"Message",Low,"'145' メソッドのスキャン中です。"
"Message",Low,"'100' メソッドのスキャン中です。"
"Message",Low,"'110' メソッドのスキャン中です。"
"Message",Low,"'74' メソッドのスキャン中です。"
"Message",Low,"'47' メソッドのスキャン中です。"
"Message",Low,"'7' メソッドのスキャン中です。"
"Message",Low,"'6' メソッドのスキャン中です。"
"Message",Low,"'3' メソッドのスキャン中です。"
"Message",Low,"一括コード生成"
"Message",Low,"10800 メソッドのコンパイル中です。"
"Message",Low,"遅延コード生成"
"Message",Low,"'D:\Kaisya2\UWP\weather\WeatherApli\WeatherApli\obj\x86\Release\ilc\intermediate\MDIL\WeatherApli.mdilexe' が正常に生成されました"
"Message",Low,"'D:\Kaisya2\UWP\weather\WeatherApli\WeatherApli\obj\x86\Release\ilc\intermediate\MDIL\WeatherApli.mdilpdb' が正常に生成されました"
"Message",Normal,"'C:\Program Files (x86)\Microsoft SDKs\UWPNuGetPackages\microsoft.net.native.compiler\1.7.3\tools\x86\ilc\Tools\nutc_driver.exe @""D:\Kaisya2\UWP\weather\WeatherApli\WeatherApli\obj\x86\Release\ilc\intermediate\MDIL\WeatherApli.rsp""' completed."
"Message",Normal,"Process execution statistics (all times in milliseconds)"
"Message",Normal,"-----------------------------------------------------------------------------"
"Message",Normal,"launch  |  start   |   stop   |   end    | duration | lifetime | [slot] name"
"Message",Normal,"-----------------------------------------------------------------------------"
"Message",Normal,"       0 |       47 |     5391 |     5391 |     5344 |     5391 | [0] Nutc GlobalAnalysis"
"Message",Normal,"Number of commands:      1"
"Message",Normal,"Total system time:       5391 ms"
"Message",Normal,"System time per command: 5391 ms"
"Message",Normal,"Total duration:          5344 ms"
"Message",Normal,"Total lifetime:          5391 ms"
"Message",Normal,"Requested DOP:           8"
"Message",Normal,"Duration DOP:            1.0"
"Message",Normal,"Lifetime DOP:            1.0"
"Message",Low,"タスク ""GenerateMDILGlobalAnalysis"" の実行が終了しました。"
"Message",Low,"ファイル ""Nutc"" 内のターゲット ""GenerateMDILGlobalAnalysis"" のビルドが終了しました。"
"Message",Low,""
"Message",Low,"タスク ""rc"""
"Message",Normal,"Launching 'C:\Program Files (x86)\Windows Kits\10\bin\10.0.17134.0\x64\rc.exe /c ""65001"" /r /fo ""D:\Kaisya2\UWP\weather\WeatherApli\WeatherApli\obj\x86\Release\ilc\intermediate\BuildInfo\BuildInfo.res"" ""D:\Kaisya2\UWP\weather\WeatherApli\WeatherApli\obj\x86\Release\ilc\intermediate\BuildInfo\BuildInfo.rc""'"
"Message",Low,"Microsoft (R) Windows (R) Resource Compiler Version 10.0.10011.16384"
"Message",Low,"Copyright (C) Microsoft Corporation.  All rights reserved."
"Message",Normal,"'C:\Program Files (x86)\Windows Kits\10\bin\10.0.17134.0\x64\rc.exe /c ""65001"" /r /fo ""D:\Kaisya2\UWP\weather\WeatherApli\WeatherApli\obj\x86\Release\ilc\intermediate\BuildInfo\BuildInfo.res"" ""D:\Kaisya2\UWP\weather\WeatherApli\WeatherApli\obj\x86\Release\ilc\intermediate\BuildInfo\BuildInfo.rc""' completed."
"Message",Normal,"Process execution statistics (all times in milliseconds)"
"Message",Normal,"-----------------------------------------------------------------------------"
"Message",Normal,"launch  |  start   |   stop   |   end    | duration | lifetime | [slot] name"
"Message",Normal,"-----------------------------------------------------------------------------"
"Message",Normal,"       0 |       31 |       78 |       78 |       47 |       78 | [0] rc"
"Message",Normal,"Number of commands:      1"
"Message",Normal,"Total system time:       78 ms"
"Message",Normal,"System time per command: 78 ms"
"Message",Normal,"Total duration:          47 ms"
"Message",Normal,"Total lifetime:          78 ms"
"Message",Normal,"Requested DOP:           8"
"Message",Normal,"Duration DOP:            0.6"
"Message",Normal,"Lifetime DOP:            1.0"
"Message",Low,"タスク ""rc"" の実行が終了しました。"
"Message",Low,"タスク ""ResourceBinaryConcatenate"""
"Message",Normal,"Concatenating into 'D:\Kaisya2\UWP\weather\WeatherApli\WeatherApli\obj\x86\Release\ilc\intermediate\Native.res' with alignment '4'."
"Message",Normal," Added 'D:\Kaisya2\UWP\weather\WeatherApli\WeatherApli\obj\x86\Release\ilc\intermediate\ILTransformed\WeatherApli.res' at offset 0."
"Message",Normal," Added 'D:\Kaisya2\UWP\weather\WeatherApli\WeatherApli\obj\x86\Release\ilc\intermediate\BuildInfo\BuildInfo.res' at offset 1400."
"Message",Low,"タスク ""ResourceBinaryConcatenate"" の実行が終了しました。"
"Message",Low,"ファイル ""Nutc"" 内のターゲット ""GenerateBuildInfo"" のビルドが終了しました。"
"Message",Low,"プロジェクト ""Nutc"" のビルドが終了しました。"
"Message",Low,""
"Message",Low,""
"Message",Low,"ファイル ""Binder"" 内のターゲット ""MDILBindPrepare"" のビルドが終了しました。"
"Message",Low,""
"Message",High,"ネイティブ コードの修正を生成しています"
"Message",Low,"タスク ""MDILBind"""
"Message",Normal,"Launching 'C:\Program Files (x86)\Microsoft SDKs\UWPNuGetPackages\microsoft.net.native.compiler\1.7.3\tools\x86\ilc\Tools\rhbind.exe @""D:\Kaisya2\UWP\weather\WeatherApli\WeatherApli\obj\x86\Release\ilc\intermediate\rhbindargs.WeatherApli.rsp""'"
"Message",Low,"OS バージョン: メジャー: 6  マイナー: 2"
"Message",Low,"MDIL: D:\Kaisya2\UWP\weather\WeatherApli\WeatherApli\obj\x86\Release\ilc\intermediate\MDIL\WeatherApli.mdilexe"
"Message",Low,"MDILPDB: D:\Kaisya2\UWP\weather\WeatherApli\WeatherApli\obj\x86\Release\ilc\intermediate\MDIL\WeatherApli.mdilpdb"
"Message",Low,"IL: D:\Kaisya2\UWP\weather\WeatherApli\WeatherApli\obj\x86\Release\ilc\intermediate\MDIL\WeatherApli.ilexe"
"Message",Low,"NI: D:\Kaisya2\UWP\weather\WeatherApli\WeatherApli\obj\x86\Release\ilc\intermediate\Native\WeatherApli.dll"
"Message",Low,"SHIM: D:\Kaisya2\UWP\weather\WeatherApli\WeatherApli\obj\x86\Release\ilc\intermediate\Native\WeatherApli.exe"
"Message",Low,"REDHAWK_RUNTIME_DLL_NAME_A=mrt100_app.dll"
"Message",Low,"PDB: D:\Kaisya2\UWP\weather\WeatherApli\WeatherApli\obj\x86\Release\ilc\intermediate\Native\WeatherApli.pdb"
"Message",Low,"D:\Kaisya2\UWP\weather\WeatherApli\WeatherApli\obj\x86\Release\ilc\intermediate\Native\WeatherApli.dll を 0.496 秒で作成しました"
"Message",Normal,"'C:\Program Files (x86)\Microsoft SDKs\UWPNuGetPackages\microsoft.net.native.compiler\1.7.3\tools\x86\ilc\Tools\rhbind.exe @""D:\Kaisya2\UWP\weather\WeatherApli\WeatherApli\obj\x86\Release\ilc\intermediate\rhbindargs.WeatherApli.rsp""' completed."
"Message",Normal,"Process execution statistics (all times in milliseconds)"
"Message",Normal,"-----------------------------------------------------------------------------"
"Message",Normal,"launch  |  start   |   stop   |   end    | duration | lifetime | [slot] name"
"Message",Normal,"-----------------------------------------------------------------------------"
"Message",Normal,"       0 |       62 |      578 |      578 |      516 |      578 | [0] rhbind WeatherApli"
"Message",Normal,"Number of commands:      1"
"Message",Normal,"Total system time:       578 ms"
"Message",Normal,"System time per command: 578 ms"
"Message",Normal,"Total duration:          516 ms"
"Message",Normal,"Total lifetime:          578 ms"
"Message",Normal,"Requested DOP:           8"
"Message",Normal,"Duration DOP:            0.9"
"Message",Normal,"Lifetime DOP:            1.0"
"Message",Low,"タスク ""MDILBind"" の実行が終了しました。"
"Message",Low,"ファイル ""Binder"" 内のターゲット ""MDILBind"" のビルドが終了しました。"
"Message",Low,"プロジェクト ""Binder"" のビルドが終了しました。"
"Message",Low,""
"Message",Low,""
"Message",Low,"ファイル ""Deployment"" 内のターゲット ""CopyNativeExecutablesToOutput"" のビルドが終了しました。"
"Message",Low,""
"Message",Low,"タスク ""TransformAppxManifest"""
"Message",Low,"タスク ""TransformAppxManifest"" の実行が終了しました。"
"Message",Low,"ファイル ""Deployment"" 内のターゲット ""TransformAppxManifestAndAddCrt"" のビルドが終了しました。"
"Message",Low,""
"Message",Low,"ファイル ""Deployment"" 内のターゲット ""CopyPackageResourceFileInRetailBuild"" のビルドが終了しました。"
"Message",Low,"プロジェクト ""Deployment"" のビルドが終了しました。"
"Message",Low,"コンパイルが終了しました"
